Email,Location,Name of the Adaptation Clinic,Query Type,Query,Answer Given
abcd@gmail.com,bagerhat,rampal,Text,identify the disease in the image,Please upload the image so that I can assist you better in identifying the disease affecting your crop.
abcd@gmail.com,bagerhat,rampal,Image,identify the disease in the image,"আমি ছবিটি দেখে মনে হচ্ছে পাতাগুলি কুঁকড়ে গেছে এবং কিছু সাদা দাগ দেখা যাচ্ছে। এটি সম্ভবত পাতার মোচড় রোগের লক্ষণ।

### সমস্যা সনাক্তকরণ:
- **রোগ:** পাতার মোচড়
- **লক্ষণ:** পাতার কুঁকড়ে যাওয়া এবং সাদা দাগ

### সমাধান:
1. **ইমিডাক্লোপ্রিড গ্রুপের কীটনাশক**: প্রতি লিটার পানিতে ১ মিলি মিশিয়ে গাছের উপরে ও নিচে স্প্রে করুন।
2. **স্টিকি ট্র্যাপ ব্যবহার করুন**: প্রতি ডেসিমেলে ২-৩টি স্টিকি ট্র্যাপ ব্যবহার করুন।

### প্রতিরোধমূলক ব্যবস্থা:
- নিয়মিত গাছের পরিচর্যা করুন এবং আক্রান্ত পাতা অপসারণ করুন।
- গাছের চারপাশ পরিষ্কার রাখুন এবং সঠিকভাবে সেচ প্রদান করুন।

এই পদ্ধতিগুলি অনুসরণ করলে আপনার ফসলের রোগ প্রতিরোধে সহায়ক হবে।"
pmskr@yahoo.com,kuakata,nilganj,Image,identify the disease,"আমি ছবিটি দেখে যা বুঝতে পারছি তা হলো পাতার উপর একটি কীটপতঙ্গ রয়েছে এবং পাতা কিছুটা ক্ষতিগ্রস্ত হয়েছে। এটি সম্ভবত কাটওয়ার্মের আক্রমণ।

### সমস্যা:
- কাটওয়ার্মের আক্রমণ

### সমাধান:
1. **কীটপতঙ্গ অপসারণ**: হাত দিয়ে কীটপতঙ্গগুলো অপসারণ করুন।
2. **কীটনাশক ব্যবহার**: ইমিডাক্লোরপিড গ্রুপের কীটনাশক ১ মিলি প্রতি লিটার পানিতে মিশিয়ে বিকেলের দিকে স্প্রে করুন।

### প্রতিরোধমূলক ব্যবস্থা:
- নিয়মিত গাছের যত্ন নিন এবং পাতা পরীক্ষা করুন।
- জমিতে পর্যাপ্ত নিষ্কাশন ব্যবস্থা নিশ্চিত করুন যাতে জমিতে পানি জমে না থাকে।

এই পরামর্শগুলো অনুসরণ করলে আপনার ফসল কাটওয়ার্মের আক্রমণ থেকে রক্ষা পাবে।"
pmskr@yahoo.com,kuakata,nilganj,Image,এখানে কি রোগ হয়েছে?,"আমি ছবিটি দেখে মনে হচ্ছে বেগুনের ফল ফেটে গেছে। এটি সাধারণত ফলের পোকা বা ফলের রোগের কারণে হতে পারে।

### সমস্যা চিহ্নিতকরণ:
- বেগুনের ফল ফেটে গেছে।
- এটি ফলের পোকা বা রোগের কারণে হতে পারে।

### সমাধান:
1. **পোকা নিয়ন্ত্রণ**:
   - **ইমিডাক্লোরপিড** গ্রুপের কীটনাশক ১ মিলিলিটার প্রতি লিটার পানিতে মিশিয়ে গাছের পাতা ও ফলের উপরে এবং নিচে স্প্রে করুন।
   - **সাইপারমেথ্রিন** গ্রুপের কীটনাশকও ব্যবহার করতে পারেন।

2. **রোগ নিয়ন্ত্রণ**:
   - **ম্যানকোজেব + মেটালাক্সিল** গ্রুপের ফাঙ্গিসাইড ২ গ্রাম প্রতি লিটার পানিতে মিশিয়ে স্প্রে করুন।

### প্রতিরোধমূলক ব্যবস্থা:
- নিয়মিত গাছের পোকা ও রোগের লক্ষণ পর্যবেক্ষণ করুন।
- গাছের আশেপাশে পরিষ্কার-পরিচ্ছন্ন রাখুন।
- সঠিক পরিমাণে সেচ ও সার প্রয়োগ নিশ্চিত করুন।

এই নির্দেশনা মেনে চললে আপনার বেগুন গাছের ফলন ভালো হবে।"
